Employee_Name,EmpID,MarriedID,MaritalStatusID,GenderID,EmpStatusID,DeptID,PerfScoreID,FromDiversityJobFairID,Salary,Termd,PositionID,Position,State,Zip,DOB,Sex,MaritalDesc,CitizenDesc,RaceDesc,DateofHire,DateofTermination,TermReason,EmploymentStatus,Department,ManagerName,ManagerID,RecruitmentSource,PerformanceScore,EngagementSurvey,EmpSatisfaction,SpecialProjectsCount,LastPerformanceReview_Date,DaysLateLast30,Absences
"Adinolfi, Wilson  K",10026,0,0,1,1,5,4,0,62506,0,19,Production Technician I,MA,1960,7/10/83,M,Single,US Citizen,White,7/5/11,,N/A-StillEmployed,Active,Production,Michael Albert,22,LinkedIn,Exceeds,4.6,5,0,1/17/19,0,1
"Ait Sidi, Karthikeyan   ",10084,1,1,1,5,3,3,0,104437,1,27,Sr. DBA,MA,2148,5/5/75,M,Married,US Citizen,White,3/30/15,6/16/16,career change,Voluntarily Terminated,IT/IS,Simon Roup,4,Indeed,Fully Meets,4.96,3,6,2/24/16,0,17
"Akinkuolie, Sarah",10196,1,1,0,5,5,3,0,64955,1,20,Production Technician II,MA,1810,9/19/88,M,Married,US Citizen,White,7/5/11,9/24/12,hours,Voluntarily Terminated,Production,Kissy Sullivan,20,LinkedIn,Fully Meets,3.02,3,0,5/15/12,0,3
"Alagbe,Trina",10088,1,1,0,1,5,3,0,64991,0,19,Production Technician I,MA,1886,9/27/88,F,Married,US Citizen,White,1/7/08,,N/A-StillEmployed,Active,Production,Elijiah Gray,16,Indeed,Fully Meets,4.84,5,0,1/3/19,0,15
"Anderson, Carol ",10069,0,2,0,5,5,3,0,50825,1,19,Production Technician I,MA,2169,9/8/89,F,Divorced,US Citizen,White,7/11/11,9/6/16,return to school,Voluntarily Terminated,Production,Webster Butler,39,Google Search,Fully Meets,5,4,0,2/1/16,0,2
"Anderson, Linda  ",10002,0,0,0,1,5,4,0,57568,0,19,Production Technician I,MA,1844,5/22/77,F,Single,US Citizen,White,1/9/12,,N/A-StillEmployed,Active,Production,Amy Dunn,11,LinkedIn,Exceeds,5,5,0,1/7/19,0,15
"Andreola, Colby",10194,0,0,0,1,4,3,0,95660,0,24,Software Engineer,MA,2110,5/24/79,M,Single,US Citizen,White,11/10/14,,N/A-StillEmployed,Active,Software Engineering,Alex Sweetwater,10,LinkedIn,Fully Meets,3.04,3,4,1/2/19,0,19
"Athwal, Sam",10062,0,4,1,1,5,3,0,59365,0,19,Production Technician I,MA,2199,2/18/83,M,Widowed,US Citizen,White,9/30/13,,N/A-StillEmployed,Active,Production,Ketsia Liebig,19,Employee Referral,Fully Meets,5,4,0,2/25/19,0,19
"Bachiochi, Linda",10114,0,0,0,3,5,3,1,47837,0,19,Production Technician I,MA,1902,2/11/70,F,Single,US Citizen,Black or African American,7/6/09,,unhappy,Voluntarily Terminated,Production,Brannon Miller,12,Diversity Job Fair,Fully Meets,4.46,1,0,1/25/19,0,4
"Bacong, Alejandro ",10250,0,2,1,1,3,3,0,50178,0,14,IT Support,MA,1886,1/7/88,M,Divorced,US Citizen,White,1/5/15,,N/A-StillEmployed,Active,IT/IS,Peter Monroe,7,Indeed,Fully Meets,5,5,6,2/18/19,0,16
"Baczenski, Rachael  ",10252,1,1,0,5,5,3,1,54670,1,19,Production Technician I,MA,1902,1/12/74,F,Married,US Citizen,White,1/10/11,1/12/17,Another position,Voluntarily Terminated,Production,David Stanley,14,Diversity Job Fair,Fully Meets,4.2,4,0,1/30/16,0,12
"Barbara, Thomas",10242,1,1,1,5,5,3,1,47211,1,19,Production Technician I,MA,2062,2/21/74,M,Married,US Citizen,Black or African American,4/2/12,9/19/16,unhappy,Voluntarily Terminated,Production,Kissy Sullivan,20,Diversity Job Fair,Fully Meets,4.2,3,0,5/6/16,0,15
"Barbossa, Hector",10012,0,2,1,1,3,4,1,92328,0,9,Data Analyst,TX,78230,7/4/88,M,Divorced,US Citizen,White,11/10/14,,N/A-StillEmployed,Active,IT/IS,Simon Roup,4,Diversity Job Fair,Exceeds,4.28,4,5,2/25/19,0,9
"Barone, Francesco  A",10265,0,0,1,1,5,3,0,58709,0,19,Production Technician I,MA,1810,7/20/83,M,Single,US Citizen,Two or more races,2/20/12,,unhappy,Voluntarily Terminated,Production,Kelley Spirea,18,Google Search,Fully Meets,4.6,1,0,2/14/19,0,7
"Barton, Nader",10066,0,2,1,5,5,3,0,52505,1,19,Production Technician I,MA,2747,7/15/77,M,Divorced,US Citizen,White,9/24/12,4/6/17,Another position,Voluntarily Terminated,Production,Michael Albert,22,On-line Web application,Fully Meets,5,5,0,3/2/17,0,1
"Bates, Norman",10061,0,0,1,4,5,3,0,57834,1,19,Production Technician I,MA,2050,10/18/81,M,Single,US Citizen,White,2/21/11,8/4/17,attendance,Terminated for Cause,Production,Kelley Spirea,18,Google Search,Fully Meets,5,4,0,4/5/17,0,20
"Beak, Kimberly  ",10023,1,1,0,2,5,4,0,70131,0,20,Production Technician II,MA,2145,4/17/66,F,Married,US Citizen,White,7/21/16,,N/A-StillEmployed,Active,Production,Kelley Spirea,18,Employee Referral,Exceeds,4.4,3,0,1/14/19,0,16
"Beatrice, Courtney ",10055,0,0,0,1,5,3,0,59026,0,19,Production Technician I,MA,1915,10/27/70,M,Single,Eligible NonCitizen,White,4/4/11,,N/A-StillEmployed,Active,Production,Elijiah Gray,16,Google Search,Fully Meets,5,5,0,1/14/19,0,12
"Becker, Renee",10245,0,0,0,4,3,3,0,110000,1,8,Database Administrator,MA,2026,4/4/86,M,Single,US Citizen,White,7/7/14,9/12/15,performance,Terminated for Cause,IT/IS,Simon Roup,4,Google Search,Fully Meets,4.5,4,5,1/15/15,0,8
"Becker, Scott",10277,0,0,1,3,5,3,0,53250,0,19,Production Technician I,MA,2452,4/6/79,M,Single,US Citizen,Asian,7/8/13,,N/A-StillEmployed,Active,Production,Webster Butler,,LinkedIn,Fully Meets,4.2,4,0,1/11/19,0,13
"Bernstein, Sean",10046,0,0,1,1,5,3,0,51044,0,19,Production Technician I,MA,2072,12/22/70,M,Single,US Citizen,White/Hispanic,4/2/12,,N/A-StillEmployed,Active,Production,Amy Dunn,11,Google Search,Fully Meets,5,3,0,1/14/19,0,13
"Biden, Lowan  M",10226,0,2,0,1,5,3,0,64919,0,19,Production Technician I,MA,2027,12/27/58,M,Divorced,US Citizen,White,8/19/13,,N/A-StillEmployed,Active,Production,Ketsia Liebig,19,Indeed,Fully Meets,4.2,3,0,1/10/19,0,2
"Billis, Helen",10003,1,1,0,1,5,4,0,62910,0,19,Production Technician I,MA,2031,9/1/89,F,Married,US Citizen,White,7/7/14,,N/A-StillEmployed,Active,Production,Brannon Miller,12,Indeed,Exceeds,5,3,0,2/27/19,0,19
"Blount, Dianna",10294,0,0,0,1,5,2,0,66441,0,20,Production Technician II,MA,2171,9/21/90,F,Single,US Citizen,White,4/4/11,,N/A-StillEmployed,Active,Production,Michael Albert,22,CareerBuilder,Needs Improvement,2,3,0,2/27/19,2,3
"Bondwell, Betsy",10267,0,0,0,5,5,3,0,57815,1,20,Production Technician II,MA,2210,1/16/67,F,Single,US Citizen,White,1/10/11,4/4/14,career change,Voluntarily Terminated,Production,Elijiah Gray,16,Google Search,Fully Meets,4.8,5,0,3/4/14,0,5
"Booth, Frank",10199,0,0,1,4,3,3,0,103613,1,30,Enterprise Architect,CT,6033,7/30/64,M,Single,US Citizen,White,2/17/14,2/19/16,Learned that he is a gangster,Terminated for Cause,IT/IS,Simon Roup,4,LinkedIn,Fully Meets,3.5,5,7,1/10/16,0,2
"Boutwell, Bonalyn",10081,1,1,0,1,1,3,1,106367,0,26,Sr. Accountant,MA,2468,4/4/87,M,Married,US Citizen,White,2/16/15,,N/A-StillEmployed,Active,Admin Offices,Brandon R. LeBlanc,3,Diversity Job Fair,Fully Meets,5,4,3,2/18/19,0,4
"Bozzi, Charles",10175,0,0,1,5,5,3,0,74312,1,18,Production Manager,MA,1901,3/10/70,M,Single,US Citizen,Asian,9/30/13,8/7/14,retiring,Voluntarily Terminated,Production,Janet King,2,Indeed,Fully Meets,3.39,3,0,2/20/14,0,14
"Brill, Donna",10177,1,1,0,5,5,3,0,53492,1,19,Production Technician I,MA,1701,8/24/90,F,Married,US Citizen,White,4/2/12,6/15/13,Another position,Voluntarily Terminated,Production,David Stanley,14,Google Search,Fully Meets,3.35,4,0,3/4/13,0,6
"Brown, Mia",10238,1,1,0,1,1,3,1,63000,0,1,Accountant I,MA,1450,11/24/87,M,Married,US Citizen,White,10/27/08,,N/A-StillEmployed,Active,Admin Offices,Brandon R. LeBlanc,1,Diversity Job Fair,Fully Meets,4.5,2,6,1/15/19,0,14
"Buccheri, Joseph  ",10184,0,0,1,1,5,3,0,55288,0,20,Production Technician II,MA,1013,7/28/83,M,Single,US Citizen,White,9/29/14,,N/A-StillEmployed,Active,Production,Webster Butler,,Google Search,Fully Meets,3.19,3,0,2/1/19,0,9
"Bugali, Josephine ",10203,0,3,0,3,5,3,1,64375,0,19,Production Technician I,MA,2043,10/30/69,F,Separated,US Citizen,Black or African American,11/11/13,,unhappy,Voluntarily Terminated,Production,Kissy Sullivan,20,Diversity Job Fair,Fully Meets,3.5,1,0,1/21/19,0,17
"Bunbury, Jessica",10188,1,1,0,5,6,3,0,44326,1,3,Area Sales Manager,VA,21851,6/1/64,M,Married,Eligible NonCitizen,White,8/15/11,8/2/14,Another position,Voluntarily Terminated,Sales,John Smith,17,Google Search,Fully Meets,3.14,5,0,2/10/13,1,19
"Burke, Joelle",10107,0,0,0,1,5,3,0,63763,0,20,Production Technician II,MA,2148,3/2/80,F,Single,US Citizen,Black or African American,3/5/12,,N/A-StillEmployed,Active,Production,Amy Dunn,11,Employee Referral,Fully Meets,4.51,4,0,2/21/19,0,3
"Burkett, Benjamin ",10181,1,1,1,1,5,3,0,62162,0,20,Production Technician II,MA,1890,8/19/77,M,Married,US Citizen,White,4/4/11,,N/A-StillEmployed,Active,Production,Ketsia Liebig,19,Indeed,Fully Meets,3.25,5,0,1/14/19,0,15
"Cady, Max ",10150,0,0,1,1,4,3,0,77692,0,25,Software Engineering Manager,MA,2184,11/22/66,M,Single,US Citizen,White,8/15/11,,N/A-StillEmployed,Active,Software Engineering,Jennifer Zamora,5,Google Search,Fully Meets,3.84,3,5,1/21/19,0,4
"Candie, Calvin",10001,0,0,1,1,5,4,0,72640,0,18,Production Manager,MA,2169,8/9/83,M,Single,US Citizen,White,1/28/16,,N/A-StillEmployed,Active,Production,Janet King,2,Indeed,Exceeds,5,3,0,2/22/19,0,14
"Carabbio, Judith",10085,0,0,0,1,4,3,0,93396,0,24,Software Engineer,MA,2132,4/5/87,M,Single,US Citizen,White,11/11/13,,N/A-StillEmployed,Active,Software Engineering,Alex Sweetwater,10,Indeed,Fully Meets,4.96,4,6,1/30/19,0,3
"Carey, Michael  ",10115,0,0,1,1,5,3,0,42846,0,19,Production Technician I,MA,1701,2/2/83,M,Single,US Citizen,Black or African American,3/31/14,,unhappy,Voluntarily Terminated,Production,Kelley Spirea,18,LinkedIn,Fully Meets,4.43,3,0,2/1/19,0,14
"Carr, Claudia  N",10082,0,0,0,2,3,3,0,100031,0,27,Sr. DBA,MA,1886,6/6/86,F,Single,US Citizen,White,6/30/16,,N/A-StillEmployed,Active,IT/IS,Simon Roup,4,LinkedIn,Fully Meets,5,5,6,2/18/19,0,7
"Carter, Michelle ",10040,0,0,0,1,6,3,0,71860,0,3,Area Sales Manager,VT,5664,5/15/63,M,Single,US Citizen,White,8/18/14,,N/A-StillEmployed,Active,Sales,John Smith,17,Indeed,Fully Meets,5,5,0,1/21/19,0,7
"Chace, Beatrice ",10067,0,0,0,1,5,3,0,61656,0,19,Production Technician I,MA,2763,1/2/51,F,Single,US Citizen,White,9/29/14,,N/A-StillEmployed,Active,Production,Michael Albert,22,Google Search,Fully Meets,5,4,0,2/12/19,0,11
"Champaigne, Brian",10108,1,1,1,1,3,3,0,110929,0,5,BI Director,MA,2045,2/9/72,M,Married,US Citizen,White,9/6/16,,N/A-StillEmployed,Active,IT/IS,Jennifer Zamora,5,Indeed,Fully Meets,4.5,5,7,1/15/19,0,8
"Chan, Lin",10210,0,0,0,1,5,3,0,54237,0,19,Production Technician I,MA,2170,2/12/79,M,Single,US Citizen,White,5/12/14,,N/A-StillEmployed,Active,Production,Elijiah Gray,16,Indeed,Fully Meets,3.3,4,0,2/19/19,0,11
"Chang, Donovan  E",10154,0,0,1,1,5,3,0,60380,0,19,Production Technician I,MA,1845,8/24/83,M,Single,US Citizen,White,7/8/13,,N/A-StillEmployed,Active,Production,Webster Butler,,LinkedIn,Fully Meets,3.8,5,0,1/14/19,0,4
"Chigurh, Anton",10200,0,0,1,1,6,3,0,56808,0,3,Area Sales Manager,TX,78207,6/11/70,M,Single,Eligible NonCitizen,Black or African American,5/14/12,,N/A-StillEmployed,Active,Sales,Lynn Daneault,21,Employee Referral,Fully Meets,3,5,0,1/19/19,0,17
"Chivukula, Enola",10240,0,0,0,5,5,3,0,64786,1,19,Production Technician I,MA,1775,8/27/83,F,Single,US Citizen,White,6/27/11,11/15/15,relocation out of area,Voluntarily Terminated,Production,Amy Dunn,11,Indeed,Fully Meets,4.3,4,0,3/10/15,0,3
"Cierpiszewski, Caroline  ",10168,0,0,0,1,5,3,0,54816,0,19,Production Technician I,MA,2044,5/31/88,F,Single,Non-Citizen,Black or African American,10/3/11,,unhappy,Voluntarily Terminated,Production,Ketsia Liebig,19,Indeed,Fully Meets,3.58,2,0,1/30/19,0,3
"Clayton, Rick",10220,0,0,1,1,3,3,0,68678,0,14,IT Support,MA,2170,9/5/85,M,Single,US Citizen,White,9/5/12,,N/A-StillEmployed,Active,IT/IS,Eric Dougall,6,Indeed,Fully Meets,4.7,3,6,2/27/19,0,2
"Cloninger, Jennifer",10275,1,1,0,5,5,3,0,64066,1,20,Production Technician II,MA,1752,8/31/81,F,Married,US Citizen,White,5/16/11,1/7/13,unhappy,Voluntarily Terminated,Production,Brannon Miller,12,Google Search,Fully Meets,4.2,5,0,5/3/12,0,9
"Close, Phil",10269,1,1,1,5,5,3,0,59369,1,20,Production Technician II,MA,2169,11/25/78,M,Married,US Citizen,White,8/30/10,9/26/11,career change,Voluntarily Terminated,Production,David Stanley,14,Indeed,Fully Meets,4.2,4,0,5/4/11,0,6
"Clukey, Elijian",10029,1,1,1,2,5,4,0,50373,0,19,Production Technician I,MA,2134,8/26/80,M,Married,US Citizen,White,7/6/16,,N/A-StillEmployed,Active,Production,Brannon Miller,12,Employee Referral,Exceeds,4.1,4,0,2/28/19,0,5
"Cockel, James",10261,0,0,1,1,5,3,0,63108,0,19,Production Technician I,MA,2452,9/8/77,M,Single,US Citizen,White,7/8/13,,N/A-StillEmployed,Active,Production,David Stanley,14,Employee Referral,Fully Meets,4.4,5,0,1/14/19,0,3
"Cole, Spencer",10292,0,0,1,4,5,2,0,49144,1,19,Production Technician I,MA,1880,8/12/79,M,Single,US Citizen,Black or African American,7/11/11,9/23/16,performance,Terminated for Cause,Production,Kissy Sullivan,20,LinkedIn,Needs Improvement,2,2,0,5/1/16,5,16
"Corleone, Michael",10282,0,2,1,1,5,2,0,68051,0,18,Production Manager,MA,1803,12/17/75,M,Divorced,US Citizen,White,7/20/10,,N/A-StillEmployed,Active,Production,Janet King,2,CareerBuilder,Needs Improvement,4.13,2,0,1/14/19,3,3
"Corleone, Vito",10019,0,0,1,1,5,4,0,170500,0,10,Director of Operations,MA,2030,3/19/83,M,Single,US Citizen,White,1/5/09,,N/A-StillEmployed,Active,Production,Janet King,2,Indeed,Exceeds,3.7,5,0,2/4/19,0,15
"Cornett, Lisa ",10094,1,1,0,1,5,3,0,53381,0,19,Production Technician I,MA,2189,3/31/77,F,Married,US Citizen,White/Hispanic,1/5/15,,N/A-StillEmployed,Active,Production,Kelley Spirea,18,Indeed,Fully Meets,4.73,1,0,2/14/19,0,6
"Costello, Frank",10193,1,1,1,1,3,3,0,83552,0,9,Data Analyst,MA,1810,8/26/86,M,Married,US Citizen,White,3/30/15,,N/A-StillEmployed,Active,IT/IS,Simon Roup,4,Indeed,Fully Meets,3.04,3,6,1/22/19,0,2
"Crimmings,   Jean",10132,0,0,0,2,5,3,0,56149,0,19,Production Technician I,MA,1821,4/10/87,F,Single,US Citizen,White,7/6/16,,N/A-StillEmployed,Active,Production,Michael Albert,22,LinkedIn,Fully Meets,4.12,5,0,1/28/19,0,15
"Cross, Noah",10083,0,0,1,1,3,3,0,92329,0,28,Sr. Network Engineer,CT,6278,9/9/65,M,Single,US Citizen,White,11/10/14,,N/A-StillEmployed,Active,IT/IS,Peter Monroe,7,Employee Referral,Fully Meets,5,3,4,1/2/19,0,5
"Daneault, Lynn",10099,0,0,0,1,6,3,0,65729,0,21,Sales Manager,VT,5473,4/19/90,F,Single,US Citizen,White,5/5/14,,N/A-StillEmployed,Active,Sales,Debra Houlihan,15,Indeed,Fully Meets,4.62,4,0,1/24/19,0,8
"Daniele, Ann  ",10212,1,1,0,3,3,3,0,85028,0,28,Sr. Network Engineer,CT,6033,1/18/52,M,Married,US Citizen,White,11/10/14,,N/A-StillEmployed,Active,IT/IS,Peter Monroe,7,LinkedIn,Fully Meets,3.1,5,8,2/12/19,0,19
"Darson, Jene'ya ",10056,1,1,0,1,5,3,0,57583,0,19,Production Technician I,MA,2110,11/5/78,F,Married,US Citizen,White,7/2/12,,N/A-StillEmployed,Active,Production,Elijiah Gray,16,Indeed,Fully Meets,5,3,0,2/25/19,0,1
"Davis, Daniel",10143,0,0,1,1,5,3,0,56294,0,20,Production Technician II,MA,2458,9/14/79,M,Single,Eligible NonCitizen,Two or more races,11/7/11,,N/A-StillEmployed,Active,Production,Kissy Sullivan,20,LinkedIn,Fully Meets,3.96,4,0,2/27/19,0,6
"Dee, Randy",10311,1,1,1,1,6,1,0,56991,0,19,Production Technician I,MA,2138,4/15/88,M,Married,US Citizen,White,7/9/18,,N/A-StillEmployed,Active,Production,Brannon Miller,12,Indeed,Fully Meets,4.3,4,3,1/31/19,2,2
"DeGweck,  James",10070,1,1,1,5,5,3,0,55722,1,19,Production Technician I,MA,1810,10/31/77,M,Married,US Citizen,White,5/16/11,6/8/16,unhappy,Voluntarily Terminated,Production,Webster Butler,39,Indeed,Fully Meets,5,4,0,4/2/16,0,14
"Del Bosque, Keyla",10155,0,0,0,1,4,3,0,101199,0,24,Software Engineer,MA,2176,7/5/79,M,Single,US Citizen,White,1/9/12,,N/A-StillEmployed,Active,Software Engineering,Alex Sweetwater,10,CareerBuilder,Fully Meets,3.79,5,5,1/25/19,0,8
"Delarge, Alex",10306,0,0,1,1,6,1,0,61568,0,3,Area Sales Manager,AL,36006,11/2/75,M,Single,US Citizen,Two or more races,9/29/14,,N/A-StillEmployed,Active,Sales,John Smith,17,Indeed,PIP,1.93,3,0,1/30/19,6,5
"Demita, Carla",10100,0,3,0,5,5,3,0,58275,1,20,Production Technician II,MA,2343,2/25/51,F,Separated,US Citizen,Black or African American,4/4/11,11/4/15,more money,Voluntarily Terminated,Production,Kelley Spirea,18,Google Search,Fully Meets,4.62,3,0,5/6/15,0,1
"Desimone, Carl ",10310,1,1,1,1,5,1,0,53189,0,19,Production Technician I,MA,2061,4/19/67,M,Married,US Citizen,White,7/7/14,,N/A-StillEmployed,Active,Production,Amy Dunn,11,Indeed,PIP,1.12,2,0,1/31/19,4,9
"DeVito, Tommy",10197,0,0,1,1,3,3,0,96820,0,4,BI Developer,MA,2045,9/4/83,M,Single,US Citizen,White,2/15/17,,N/A-StillEmployed,Active,IT/IS,Brian Champaigne,13,Indeed,Fully Meets,3.01,5,7,1/23/19,0,15
"Dickinson, Geoff ",10276,0,0,1,1,5,3,0,51259,0,19,Production Technician I,MA,2180,11/15/82,M,Single,US Citizen,White,5/12/14,,N/A-StillEmployed,Active,Production,Ketsia Liebig,19,Indeed,Fully Meets,4.3,4,0,2/19/19,0,1
"Dietrich, Jenna  ",10304,0,0,0,1,6,1,0,59231,0,3,Area Sales Manager,WA,98052,5/14/87,F,Single,US Citizen,White/Hispanic,2/20/12,,N/A-StillEmployed,Active,Sales,John Smith,17,Website,PIP,2.3,1,0,1/29/19,2,17
"DiNocco, Lily ",10284,1,1,0,1,5,2,0,51584,0,19,Production Technician I,MA,2351,12/2/78,M,Married,US Citizen,Black or African American,1/7/13,,N/A-StillEmployed,Active,Production,Brannon Miller,12,Indeed,Needs Improvement,3.88,4,0,1/18/19,0,6
"Dobrin, Denisa  S",10207,0,0,0,1,5,3,0,46335,0,19,Production Technician I,MA,2125,10/7/86,F,Single,US Citizen,White/Hispanic,4/2/12,,N/A-StillEmployed,Active,Production,David Stanley,14,CareerBuilder,Fully Meets,3.4,5,0,2/19/19,0,15
"Dolan, Linda",10133,1,1,0,1,3,3,0,70621,0,14,IT Support,MA,2119,7/18/88,M,Married,US Citizen,White,1/5/15,,N/A-StillEmployed,Active,IT/IS,Peter Monroe,7,Employee Referral,Fully Meets,4.11,4,6,2/25/19,0,16
"Dougall, Eric",10028,0,0,1,1,3,4,0,138888,0,13,IT Manager - Support,MA,1886,7/9/70,M,Single,US Citizen,White,1/5/14,,N/A-StillEmployed,Active,IT/IS,Jennifer Zamora,5,Indeed,Exceeds,4.3,5,5,1/4/19,0,4
"Driver, Elle",10006,0,0,0,1,6,4,0,74241,0,3,Area Sales Manager,CA,90007,11/8/88,F,Single,US Citizen,White,1/10/11,,N/A-StillEmployed,Active,Sales,Lynn Daneault,21,Indeed,Exceeds,4.77,5,0,1/27/19,0,14
"Dunn, Amy  ",10105,0,0,0,1,5,3,0,75188,0,18,Production Manager,MA,1731,11/28/73,F,Single,US Citizen,White,9/18/14,,N/A-StillEmployed,Active,Production,Janet King,2,Google Search,Fully Meets,4.52,4,0,1/15/19,0,4
"Dunne, Amy",10211,1,1,0,1,5,3,0,62514,0,19,Production Technician I,MA,1749,9/23/73,F,Married,US Citizen,White,4/26/10,,N/A-StillEmployed,Active,Production,Ketsia Liebig,19,Google Search,Fully Meets,2.9,3,0,1/21/19,0,6
"Eaton, Marianne",10064,1,1,0,5,5,3,0,60070,1,19,Production Technician I,MA,2343,9/5/91,F,Married,US Citizen,White,4/4/11,6/6/17,military,Voluntarily Terminated,Production,Kissy Sullivan,20,Google Search,Fully Meets,5,3,0,4/9/17,0,7
"Engdahl, Jean",10247,0,0,1,1,5,3,0,48888,0,19,Production Technician I,MA,2026,5/31/74,M,Single,US Citizen,White,11/10/14,,N/A-StillEmployed,Active,Production,Kelley Spirea,18,LinkedIn,Fully Meets,4.7,5,0,2/13/19,0,8
"England, Rex",10235,1,1,1,1,5,3,0,54285,0,19,Production Technician I,MA,2045,8/25/78,M,Married,US Citizen,White,3/31/14,,N/A-StillEmployed,Active,Production,Kelley Spirea,18,Employee Referral,Fully Meets,4.2,3,0,1/11/19,0,3
"Erilus, Angela",10299,0,3,0,1,5,1,0,56847,0,20,Production Technician II,MA,2133,8/25/89,F,Separated,US Citizen,White,7/7/14,,N/A-StillEmployed,Active,Production,Michael Albert,22,Indeed,PIP,3,1,0,2/25/19,2,5
"Estremera, Miguel",10280,0,0,1,4,5,2,0,60340,1,19,Production Technician I,MA,2129,9/2/83,M,Single,US Citizen,White,4/2/12,9/27/18,attendance,Terminated for Cause,Production,Michael Albert,22,Google Search,Needs Improvement,5,4,0,4/12/18,5,16
"Evensen, April",10296,0,0,0,4,5,2,0,59124,1,19,Production Technician I,MA,2458,5/6/89,F,Single,US Citizen,White,2/17/14,2/25/18,"no-call, no-show",Terminated for Cause,Production,Elijiah Gray,16,Google Search,Needs Improvement,2.3,3,0,1/15/17,5,19
"Exantus, Susan",10290,1,1,0,4,4,2,0,99280,1,24,Software Engineer,MA,1749,5/15/87,F,Married,US Citizen,White,5/2/11,6/5/13,attendance,Terminated for Cause,Software Engineering,Alex Sweetwater,10,Indeed,Needs Improvement,2.1,5,4,8/10/12,4,19
"Faller, Megan ",10263,1,1,0,1,5,3,0,51776,0,20,Production Technician II,MA,1824,9/22/78,F,Married,US Citizen,Black or African American,7/7/14,,unhappy,Voluntarily Terminated,Production,Elijiah Gray,16,LinkedIn,Fully Meets,4.4,1,0,2/22/19,0,17
"Fancett, Nicole",10136,0,0,0,1,5,3,0,45902,0,20,Production Technician II,MA,2324,9/27/87,F,Single,US Citizen,Black or African American,2/17/14,,N/A-StillEmployed,Active,Production,Webster Butler,,LinkedIn,Fully Meets,4,4,0,1/7/19,0,7
"Ferguson, Susan",10189,1,1,0,5,5,3,0,57748,1,19,Production Technician I,MA,2176,4/14/55,F,Married,US Citizen,White,11/7/11,5/17/16,military,Voluntarily Terminated,Production,Webster Butler,39,Google Search,Fully Meets,3.13,3,0,2/4/16,0,16
"Fernandes, Nilson  ",10308,1,1,1,1,5,1,0,64057,0,19,Production Technician I,MA,2132,10/18/89,M,Married,US Citizen,White,5/11/15,,N/A-StillEmployed,Active,Production,Amy Dunn,11,Indeed,PIP,1.56,5,0,1/3/19,6,15
"Fett, Boba",10309,0,0,1,1,3,1,0,53366,0,15,Network Engineer,MA,2138,6/18/87,M,Single,US Citizen,White,3/30/15,,N/A-StillEmployed,Active,IT/IS,Peter Monroe,7,LinkedIn,PIP,1.2,3,6,2/4/19,3,2
"Fidelia,  Libby",10049,1,1,0,1,5,3,0,58530,0,19,Production Technician I,MA,2155,3/16/81,F,Married,US Citizen,White,1/9/12,,N/A-StillEmployed,Active,Production,Brannon Miller,12,Google Search,Fully Meets,5,5,0,1/29/19,0,19
"Fitzpatrick, Michael  J",10093,0,0,1,5,5,3,0,72609,1,20,Production Technician II,MA,2143,10/1/81,M,Single,US Citizen,White/Hispanic,5/16/11,6/24/13,hours,Voluntarily Terminated,Production,Amy Dunn,11,Google Search,Fully Meets,4.76,5,0,4/5/13,0,20
"Foreman, Tanya",10163,1,1,0,5,5,3,0,55965,1,20,Production Technician II,MA,2170,11/8/83,F,Married,US Citizen,White,4/4/11,1/9/13,career change,Voluntarily Terminated,Production,Ketsia Liebig,19,Google Search,Fully Meets,3.66,3,0,1/7/12,0,6
"Forrest, Alex",10305,1,1,1,1,6,3,0,70187,1,3,Area Sales Manager,MA,2330,7/7/75,M,Married,US Citizen,White,9/29/14,8/19/18,Fatal attraction,Terminated for Cause,Sales,Lynn Daneault,21,Employee Referral,PIP,2,5,0,1/28/19,4,7
"Foss, Jason",10015,0,0,1,1,3,4,0,178000,0,12,IT Director,MA,1460,7/5/80,M,Single,US Citizen,White,4/15/11,,N/A-StillEmployed,Active,IT/IS,Jennifer Zamora,5,Indeed,Exceeds,5,5,5,1/7/19,0,15
"Foster-Baker, Amy",10080,1,1,0,1,1,3,0,99351,0,26,Sr. Accountant,MA,2050,4/16/79,F,Married,US Citizen,White,1/5/09,,N/A-StillEmployed,Active,Admin Offices,Board of Directors,9,Other,Fully Meets,5,3,2,2/8/19,0,3
"Fraval, Maruk ",10258,0,0,1,1,6,3,0,67251,0,3,Area Sales Manager,CT,6050,8/28/63,M,Single,US Citizen,Black or African American,9/6/11,,N/A-StillEmployed,Active,Sales,Lynn Daneault,21,CareerBuilder,Fully Meets,4.3,2,0,1/27/19,2,7
"Galia, Lisa",10273,0,0,0,1,3,3,0,65707,0,14,IT Support,CT,6040,7/6/68,F,Single,US Citizen,White,5/1/10,,N/A-StillEmployed,Active,IT/IS,Eric Dougall,6,LinkedIn,Fully Meets,4.7,4,5,2/1/19,0,1
"Garcia, Raul",10111,0,0,1,1,5,3,0,52249,0,19,Production Technician I,MA,1905,9/15/85,M,Single,US Citizen,White/Hispanic,3/30/15,,N/A-StillEmployed,Active,Production,David Stanley,14,Employee Referral,Fully Meets,4.5,3,0,2/18/19,0,5
"Gaul, Barbara",10257,0,0,0,1,5,3,0,53171,0,19,Production Technician I,MA,2121,12/2/83,F,Single,US Citizen,Black or African American,5/16/11,,N/A-StillEmployed,Active,Production,Kelley Spirea,18,LinkedIn,Fully Meets,4.2,2,0,2/26/19,0,12
"Gentry, Mildred",10159,1,1,0,1,5,3,0,51337,0,19,Production Technician I,MA,2145,10/1/90,F,Married,US Citizen,Black or African American,3/30/15,,N/A-StillEmployed,Active,Production,Michael Albert,22,LinkedIn,Fully Meets,3.73,3,0,1/16/19,0,19
"Gerke, Melisa",10122,0,2,0,5,5,3,1,51505,1,19,Production Technician I,MA,2330,5/15/70,F,Divorced,US Citizen,Black or African American,11/7/11,11/15/16,hours,Voluntarily Terminated,Production,Elijiah Gray,16,Diversity Job Fair,Fully Meets,4.24,3,0,4/29/16,0,2
"Gill, Whitney  ",10142,0,4,0,4,6,3,0,59370,1,3,Area Sales Manager,OH,43050,7/10/71,F,Widowed,US Citizen,White,7/7/14,9/5/15,attendance,Terminated for Cause,Sales,John Smith,17,CareerBuilder,Fully Meets,3.97,4,0,1/15/14,0,7
"Gilles, Alex",10283,1,1,1,5,5,2,1,54933,1,19,Production Technician I,MA,2062,8/9/74,M,Married,US Citizen,White,4/2/12,6/25/15,military,Voluntarily Terminated,Production,Webster Butler,39,Diversity Job Fair,Needs Improvement,3.97,4,0,1/20/15,3,15
"Girifalco, Evelyn",10018,0,0,0,1,5,4,0,57815,0,19,Production Technician I,MA,2451,5/8/80,F,Single,US Citizen,Two or more races,9/29/14,,N/A-StillEmployed,Active,Production,Amy Dunn,11,Indeed,Exceeds,3.9,4,0,2/7/19,0,3
"Givens, Myriam",10255,0,0,0,1,6,3,0,61555,0,3,Area Sales Manager,IN,46204,9/22/89,F,Single,US Citizen,White,2/16/15,,N/A-StillEmployed,Active,Sales,Lynn Daneault,21,Indeed,Fully Meets,4.5,5,0,1/25/19,0,20
"Goble, Taisha",10246,0,0,0,4,3,3,0,114800,1,8,Database Administrator,MA,2127,10/23/71,M,Single,US Citizen,White,2/16/15,3/15/15,"no-call, no-show",Terminated for Cause,IT/IS,Simon Roup,4,Indeed,Fully Meets,4.6,4,4,1/20/15,0,10
"Goeth, Amon",10228,1,1,1,1,3,3,0,74679,0,14,IT Support,MA,2135,11/24/89,M,Married,US Citizen,White,3/30/15,,N/A-StillEmployed,Active,IT/IS,Peter Monroe,7,LinkedIn,Fully Meets,4.3,5,7,1/10/19,0,20
"Gold, Shenice  ",10243,0,0,0,1,5,3,0,53018,0,19,Production Technician I,MA,2451,6/18/92,F,Single,US Citizen,White/Hispanic,11/11/13,,unhappy,Voluntarily Terminated,Production,Ketsia Liebig,19,Indeed,Fully Meets,4.3,1,0,2/18/19,0,7
"Gonzalez, Cayo",10031,0,2,1,1,5,4,1,59892,0,19,Production Technician I,MA,2108,9/29/69,M,Divorced,US Citizen,Black or African American,7/11/11,,N/A-StillEmployed,Active,Production,Brannon Miller,12,Diversity Job Fair,Exceeds,4.5,4,0,2/18/19,0,1
"Gonzalez, Juan",10300,1,1,1,5,5,1,1,68898,1,20,Production Technician II,MA,2128,10/12/64,M,Married,US Citizen,White,4/26/10,5/30/11,career change,Voluntarily Terminated,Production,Brannon Miller,12,Diversity Job Fair,PIP,3,3,0,3/6/11,3,10
"Gonzalez, Maria",10101,0,3,0,1,3,3,0,61242,0,14,IT Support,MA,2472,4/16/81,F,Separated,US Citizen,White,1/5/15,,N/A-StillEmployed,Active,IT/IS,Peter Monroe,7,Employee Referral,Fully Meets,4.61,4,5,1/28/19,0,11
"Good, Susan",10237,1,1,0,3,5,3,0,66825,0,20,Production Technician II,MA,1886,5/25/86,F,Married,US Citizen,White,5/12/14,,N/A-StillEmployed,Active,Production,David Stanley,14,LinkedIn,Fully Meets,4.6,3,0,2/7/19,0,20
"Gordon, David",10051,1,1,1,1,5,3,0,48285,0,19,Production Technician I,MA,2169,5/21/79,M,Married,US Citizen,White,7/2/12,,N/A-StillEmployed,Active,Production,David Stanley,14,LinkedIn,Fully Meets,5,3,0,1/14/19,0,2
"Gosciminski, Phylicia  ",10218,0,3,0,3,5,3,0,46149,0,20,Production Technician II,MA,1824,12/8/83,F,Separated,US Citizen,American Indian or Alaska Native,9/30/13,,N/A-StillEmployed,Active,Production,Kissy Sullivan,20,Google Search,Fully Meets,4.4,5,0,2/21/19,0,1
"Goyal, Roxana",10256,1,1,0,3,5,3,0,49256,0,19,Production Technician I,MA,1864,10/9/74,F,Married,US Citizen,Asian,8/19/13,,N/A-StillEmployed,Active,Production,Kissy Sullivan,20,LinkedIn,Fully Meets,4.1,5,0,2/15/19,0,3
"Gray, Elijiah  ",10098,0,2,1,1,5,3,0,62957,0,18,Production Manager,MA,1752,7/11/81,M,Divorced,US Citizen,White,6/2/15,,N/A-StillEmployed,Active,Production,Janet King,2,Employee Referral,Fully Meets,4.63,3,0,1/4/19,0,2
"Gross, Paula",10059,0,2,0,5,5,3,0,63813,1,19,Production Technician I,MA,2176,5/21/83,F,Divorced,US Citizen,White,2/21/11,1/11/14,more money,Voluntarily Terminated,Production,Kelley Spirea,18,CareerBuilder,Fully Meets,5,5,0,6/3/13,0,17
"Gruber, Hans",10234,1,1,1,1,3,3,0,99020,0,4,BI Developer,MA,2134,6/30/89,M,Married,US Citizen,White,4/20/17,,N/A-StillEmployed,Active,IT/IS,Brian Champaigne,13,Indeed,Fully Meets,4.2,5,5,1/28/19,0,8
"Guilianno, Mike",10109,0,0,1,5,6,3,0,71707,1,3,Area Sales Manager,TN,37129,2/9/69,M,Single,US Citizen,White,3/7/12,10/31/14,relocation out of area,Voluntarily Terminated,Sales,John Smith,17,LinkedIn,Fully Meets,4.5,5,0,2/1/13,0,20
"Handschiegl, Joanne",10125,1,1,0,1,5,3,0,54828,0,19,Production Technician I,MA,2127,3/23/77,F,Married,US Citizen,White,11/28/11,,N/A-StillEmployed,Active,Production,Michael Albert,22,Google Search,Fully Meets,4.2,4,0,2/22/19,0,13
"Hankard, Earnest",10074,0,0,1,1,5,3,0,64246,0,20,Production Technician II,MA,2155,8/10/88,M,Single,US Citizen,White/Hispanic,11/11/13,,N/A-StillEmployed,Active,Production,Kelley Spirea,18,LinkedIn,Fully Meets,5,3,0,1/8/19,0,20
"Harrington, Christie ",10097,0,0,0,5,5,3,0,52177,1,19,Production Technician I,MA,2324,8/18/52,F,Single,US Citizen,White,1/9/12,12/15/15,retiring,Voluntarily Terminated,Production,Webster Butler,39,CareerBuilder,Fully Meets,4.64,4,0,5/2/15,0,8
"Harrison, Kara",10007,1,1,0,1,5,4,0,62065,0,19,Production Technician I,MA,1886,5/2/74,F,Married,US Citizen,White,5/12/14,,N/A-StillEmployed,Active,Production,Amy Dunn,11,CareerBuilder,Exceeds,4.76,4,0,2/15/19,0,5
"Heitzman, Anthony",10129,0,0,1,1,5,3,0,46998,0,19,Production Technician I,MA,2149,1/4/84,M,Single,US Citizen,White,8/13/12,,N/A-StillEmployed,Active,Production,Ketsia Liebig,19,Google Search,Fully Meets,4.17,4,0,2/11/19,0,1
"Hendrickson, Trina",10075,0,0,0,5,5,3,0,68099,1,20,Production Technician II,MA,2021,8/27/72,F,Single,US Citizen,White,1/10/11,6/18/13,hours,Voluntarily Terminated,Production,Kelley Spirea,18,CareerBuilder,Fully Meets,5,3,0,1/30/13,0,15
"Hitchcock, Alfred",10167,1,1,1,1,6,3,0,50545,0,3,Area Sales Manager,NH,3062,9/14/88,M,Married,US Citizen,American Indian or Alaska Native,8/18/14,,N/A-StillEmployed,Active,Sales,John Smith,17,Indeed,Fully Meets,3.6,5,0,1/30/19,0,9
"Homberger, Adrienne  J",10195,1,1,0,5,5,3,0,63478,1,20,Production Technician II,MA,2445,2/16/84,F,Married,Non-Citizen,White,8/15/11,4/7/12,relocation out of area,Voluntarily Terminated,Production,Michael Albert,30,Indeed,Fully Meets,3.03,5,0,3/5/12,0,16
"Horton, Jayne",10112,0,0,0,1,3,3,0,97999,0,8,Database Administrator,MA,2493,2/21/84,F,Single,US Citizen,White,3/30/15,,N/A-StillEmployed,Active,IT/IS,Simon Roup,4,Indeed,Fully Meets,4.48,5,6,1/3/19,0,4
"Houlihan, Debra",10272,1,1,0,1,6,3,0,180000,0,11,Director of Sales,RI,2908,3/17/66,M,Married,US Citizen,White,5/5/14,,N/A-StillEmployed,Active,Sales,Janet King,2,LinkedIn,Fully Meets,4.5,4,0,1/21/19,0,19
"Howard, Estelle",10182,1,1,0,1,1,3,0,49920,1,2,Administrative Assistant,MA,2170,9/16/85,F,Married,US Citizen,Black or African American,2/16/15,4/15/15,"no-call, no-show",Terminated for Cause,Admin Offices,Brandon R. LeBlanc,1,Indeed,Fully Meets,3.24,2,4,4/15/15,0,6
"Hudson, Jane",10248,0,0,0,1,5,3,0,55425,0,19,Production Technician I,MA,2176,6/10/86,F,Single,US Citizen,White,2/20/12,,N/A-StillEmployed,Active,Production,Ketsia Liebig,19,LinkedIn,Fully Meets,4.8,4,0,1/7/19,0,4
"Hunts, Julissa",10201,0,0,0,2,5,3,0,69340,0,20,Production Technician II,MA,2021,3/11/84,F,Single,US Citizen,White,6/6/16,,N/A-StillEmployed,Active,Production,Elijiah Gray,16,LinkedIn,Fully Meets,3,5,0,1/18/19,0,4
"Hutter, Rosalie",10214,0,3,0,2,5,3,0,64995,0,20,Production Technician II,MA,2351,5/7/92,F,Separated,US Citizen,White,6/5/15,,N/A-StillEmployed,Active,Production,Webster Butler,,Indeed,Fully Meets,4.5,3,0,2/14/19,0,6
"Huynh, Ming",10160,0,2,0,5,5,3,0,68182,1,20,Production Technician II,MA,1742,9/22/76,F,Divorced,US Citizen,White,2/21/11,4/1/13,unhappy,Voluntarily Terminated,Production,Amy Dunn,11,Google Search,Fully Meets,3.72,3,0,2/1/13,0,18
"Immediato, Walter",10289,1,1,1,5,5,2,0,83082,1,18,Production Manager,MA,2128,11/15/76,M,Married,US Citizen,Asian,2/21/11,9/24/12,unhappy,Voluntarily Terminated,Production,Janet King,2,Indeed,Needs Improvement,2.34,2,0,4/12/12,3,4
"Ivey, Rose ",10139,0,0,0,1,5,3,0,51908,0,19,Production Technician I,MA,1775,1/28/91,F,Single,US Citizen,White,8/19/13,,N/A-StillEmployed,Active,Production,Brannon Miller,12,Indeed,Fully Meets,3.99,3,0,1/14/19,0,14
"Jackson, Maryellen",10227,0,0,0,1,5,3,0,61242,0,19,Production Technician I,MA,2081,9/11/72,F,Single,US Citizen,Black or African American,11/5/12,,N/A-StillEmployed,Active,Production,David Stanley,14,LinkedIn,Fully Meets,4.1,3,0,1/17/19,0,7
"Jacobi, Hannah  ",10236,0,2,0,1,5,3,0,45069,0,19,Production Technician I,MA,1778,3/22/66,F,Divorced,US Citizen,White,9/30/13,,unhappy,Voluntarily Terminated,Production,Kissy Sullivan,20,Employee Referral,Fully Meets,4.3,5,0,2/22/19,0,7
"Jeannite, Tayana",10009,0,2,0,1,5,4,0,60724,0,20,Production Technician II,MA,1821,11/6/86,F,Divorced,US Citizen,American Indian or Alaska Native,7/5/11,,N/A-StillEmployed,Active,Production,Ketsia Liebig,19,LinkedIn,Exceeds,4.6,4,0,2/25/19,0,11
"Jhaveri, Sneha  ",10060,0,3,0,1,5,3,0,60436,0,19,Production Technician I,MA,2109,4/13/64,F,Separated,US Citizen,White,1/6/14,,N/A-StillEmployed,Active,Production,Kelley Spirea,18,LinkedIn,Fully Meets,5,5,0,1/21/19,0,9
"Johnson, George",10034,1,1,1,5,5,4,0,46837,1,19,Production Technician I,MA,2445,8/19/59,M,Married,US Citizen,White,11/7/11,4/29/18,more money,Voluntarily Terminated,Production,Michael Albert,22,CareerBuilder,Exceeds,4.7,4,0,2/14/18,0,9
"Johnson, Noelle ",10156,1,1,0,3,3,3,0,105700,0,8,Database Administrator,MA,2301,11/7/86,M,Married,US Citizen,Asian,1/5/15,,N/A-StillEmployed,Active,IT/IS,Simon Roup,4,Indeed,Fully Meets,3.75,3,5,2/11/19,0,2
"Johnston, Yen",10036,0,0,0,1,5,4,0,63322,0,20,Production Technician II,MA,2128,9/8/69,M,Single,US Citizen,White,7/7/14,,N/A-StillEmployed,Active,Production,Brannon Miller,12,LinkedIn,Exceeds,4.3,3,0,1/11/19,0,1
"Jung, Judy  ",10138,1,1,0,5,5,3,0,61154,1,19,Production Technician I,MA,2446,4/17/86,F,Married,US Citizen,Black or African American,1/10/11,4/1/16,unhappy,Voluntarily Terminated,Production,Elijiah Gray,16,CareerBuilder,Fully Meets,1,4,0,2/3/16,0,4
"Kampew, Donysha",10244,0,0,0,5,6,3,0,68999,1,21,Sales Manager,PA,19444,11/11/89,F,Single,US Citizen,White,11/7/11,4/24/14,maternity leave - did not return,Voluntarily Terminated,Sales,Debra Houlihan,15,Google Search,Fully Meets,4.5,5,0,3/30/13,0,2
"Keatts, Kramer ",10192,0,0,1,1,5,3,0,50482,0,19,Production Technician I,MA,1887,1/19/76,M,Single,US Citizen,White,9/30/13,,N/A-StillEmployed,Active,Production,Michael Albert,22,Indeed,Fully Meets,3.07,4,0,1/23/19,0,10